use EHL;
INSERT INTO `pictures` VALUES ('1','http://donnelly.net/'),
('2','http://www.mann.com/'),
('3','http://www.hansenlindgren.org/'),
('4','http://www.veum.org/'),
('5','http://wolff.com/'),
('6','http://ziemannnolan.com/'),
('7','http://dietrich.biz/'),
('8','http://jones.com/'),
('9','http://hartmann.com/'),
('10','http://www.lindgrentoy.com/'),
('11','http://www.cummeratareynolds.info/'),
('12','http://larson.info/'),
('13','http://hilpert.org/'),
('14','http://www.fadel.com/'),
('15','http://www.krajcikmiller.com/'),
('16','http://purdy.com/'),
('17','http://bauch.biz/'),
('18','http://www.keelingschamberger.biz/'),
('19','http://yundt.org/'),
('20','http://nienow.com/'),
('21','http://von.biz/'),
('22','http://www.ratkebuckridge.com/'),
('23','http://www.bauch.com/'),
('24','http://spencer.biz/'),
('25','http://www.graham.com/'),
('26','http://wolff.biz/'),
('27','http://www.gerhold.com/'),
('28','http://colliergraham.com/'),
('29','http://mertz.biz/'),
('30','http://altenwerthbernhard.info/');


INSERT INTO `users` VALUES ('1','Agustin','Quitzon','Walter'),
('2','Barry','Schiller','Bailey'),
('3','Rodolfo','Schuppe','Wuckert'),
('4','Noemy','Pfeffer','Koelpin'),
('5','Mylene','Kirlin','Schultz'),
('6','Hayley','Medhurst','Champlin'),
('7','Emerson','Brown','Pollich'),
('8','Alexandra','Okuneva','Windler'),
('9','Otto','Kutch','Toy'),
('10','Ettie','Cummerata','Lueilwitz'),
('11','Korey','Bechtelar','Mraz'),
('12','Bailey','Abbott','Pfannerstill'),
('13','Dina','Kulas','Schulist'),
('14','Gennaro','Pagac','Crooks'),
('15','Aurelie','Kutch','Runolfsdottir'),
('16','Lysanne','Torp','Moore'),
('17','Issac','Hammes','Kertzmann'),
('18','Lelah','Deckow','Schinner'),
('19','Raymundo','Hilll','Paucek'),
('20','Jamir','Moen','Murazik'),
('21','Gussie','Boehm','Turcotte'),
('22','Timmy','Boyle','Brown'),
('23','Piper','Baumbach','Pagac'),
('24','Zelma','Pacocha','Spencer'),
('25','Eloise','Turner','Carter'),
('26','Jennie','Runte','Bosco'),
('27','Alberto','Breitenberg','Ratke'),
('28','Candelario','Fritsch','Mertz'),
('29','Ramon','Mitchell','Howe'),
('30','Libby','Johns','Crooks'); 

INSERT INTO `user_profile` VALUES ('1','паспорт','1819','552099','1','882235','1','160585','1','m','1990-01-15',NULL,'1986-01-08 07:47:37','1984-01-14 03:51:42'),
('2','паспорт','4790','129984','2','871498','2','395073','2','m','1993-01-20',NULL,'1995-03-29 15:59:35','1983-06-10 02:00:24'),
('3','паспорт','7301','700767','3','773192','3','273575','3','f','2015-05-06',NULL,'2015-05-16 07:45:56','2006-12-31 14:15:55'),
('4','свидетельство о рождении','3164','127608','4','417357','4','849066','4','m','1991-03-28',NULL,'2004-04-11 20:42:59','2007-03-08 00:28:38'),
('5','паспорт','5884','517827','5','292256','5','244621','5','m','2011-02-05',NULL,'1977-10-20 17:05:54','1987-09-19 08:46:08'),
('6','свидетельство о рождении','5590','344660','6','636877','6','159466','6','f','1981-04-10',NULL,'2017-06-07 02:53:12','1996-03-18 20:00:37'),
('7','паспорт','8643','915231','7','486836','7','698487','7','m','1984-07-21',NULL,'2017-05-23 20:32:30','1973-03-15 06:54:45'),
('8','паспорт','9000','722304','8','292229','8','925688','8','f','2018-12-24',NULL,'2010-06-18 13:42:11','2012-12-22 17:14:33'),
('9','паспорт','108','340648','9','296952','9','174621','9','f','1981-03-09',NULL,'1974-06-21 13:11:46','1974-03-03 02:43:37'),
('10','паспорт','6241','939558','10','368607','10','72704','10','m','2007-04-17',NULL,'1988-03-22 06:29:06','1998-02-11 18:19:07'),
('11','паспорт','6836','242766','11','447821','11','112364','11','m','2006-09-26',NULL,'2005-01-16 09:18:52','1996-01-08 04:15:18'),
('12','паспорт','5362','948259','12','46775','12','749072','12','m','1983-12-03',NULL,'2015-03-07 07:06:55','2010-02-17 08:37:31'),
('13','паспорт','2199','892101','13','138986','13','644926','13','f','1995-04-14',NULL,'1995-12-16 23:08:03','2019-01-21 11:11:07'),
('14','паспорт','891','486355','14','329090','14','898906','14','f','1984-06-29',NULL,'1996-09-28 22:13:06','1995-11-12 06:55:56'),
('15','паспорт','4738','812946','15','588745','15','486330','15','m','1996-07-01',NULL,'1994-09-22 15:56:01','1987-02-17 14:49:31'),
('16','свидетельство о рождении','1953','282195','16','795501','16','571729','16','m','2009-10-25',NULL,'2008-01-25 07:29:50','1997-12-03 07:29:30'),
('17','свидетельство о рождении','9847','544871','17','780217','17','940778','17','m','2016-08-29',NULL,'2001-07-31 21:21:22','1986-09-28 00:57:12'),
('18','свидетельство о рождении','9395','511818','18','663835','18','352795','18','f','1988-05-06',NULL,'2014-11-11 13:34:22','2008-12-06 05:08:25'),
('19','свидетельство о рождении','9963','599324','19','920944','19','149074','19','m','2012-05-29',NULL,'2016-05-20 20:33:39','2018-08-30 11:21:07'),
('20','свидетельство о рождении','1157','182659','20','90358','20','358294','20','m','1971-07-16',NULL,'1994-05-30 02:43:28','1981-07-31 03:11:18'),
('21','свидетельство о рождении','6051','838839','21','517763','21','338349','21','m','1976-08-12',NULL,'2012-02-22 23:24:19','1992-12-29 10:14:44'),
('22','свидетельство о рождении','9394','395539','22','846276','22','104188','22','m','1984-03-22',NULL,'1973-03-18 01:16:57','1976-09-26 19:33:48'),
('23','свидетельство о рождении','9755','889223','23','453751','23','676822','23','m','1999-07-23',NULL,'2008-08-31 13:35:50','1980-04-19 17:46:09'),
('24','свидетельство о рождении','5928','785113','24','69489','24','539830','24','f','2012-10-09',NULL,'1986-12-21 13:12:23','2007-03-24 22:56:46'),
('25','паспорт','2176','838152','25','538961','25','804576','25','f','1977-08-23',NULL,'1999-06-26 04:45:52','2004-01-31 15:58:41'),
('26','паспорт','5006','927371','26','100239','26','521059','26','m','1989-09-23',NULL,'2016-03-10 01:02:43','1975-08-20 08:07:54'),
('27','свидетельство о рождении','8146','114699','27','654474','27','381422','27','f','1992-10-23',NULL,'2014-03-04 09:11:59','1988-08-24 15:21:06'),
('28','паспорт','2329','272523','28','140650','28','961869','28','f','1985-11-27',NULL,'1996-08-17 06:42:32','1970-07-01 20:17:54'),
('29','паспорт','978','519309','29','822391','29','246406','29','f','1988-12-10',NULL,'1996-03-15 23:05:52','2001-02-28 15:20:12'),
('30','свидетельство о рождении','6907','913904','30','669528','30','262021','30','m','1999-07-12',NULL,'2001-11-25 07:05:00','2013-04-22 00:40:56'); 


insert into analysis_type 
	(name_сyrillic,name_latin,standard_min,standard_max,unit)
values 
	('тест01', 'test01','5.2203','10', 'q'),
	('тест02', 'test02','6.2203','7', 'q'),
	('тест03', 'test03','7.2603','13', 'q'),
	('тест04', 'test04','8.3','12', 'q'),
	('тест05', 'test05','9.23','13', 'q'),
	('тест06', 'test06','4.43','16', 'q'),
	('тест07', 'test07','2.243','10', 'q'),
	('тест08', 'test08','5.2','10', 'q'),
	('тест09', 'test09','7.3','10', 'q'),
	('тест10', 'test10','5.63','10', 'q'),
	('тест11', 'test11','5.8','10', 'q'),
	('тест12', 'test12','8.2','10', 'q'),
	('тест13', 'test13','7.254','10', 'q'),
	('тест14', 'test14','5.03','10', 'q'),
	('тест15', 'test15','1','10', 'q'),
	('тест16', 'test16','4.964','10', 'q'),
	('тест17', 'test17','5.22','10', 'q');
	
insert into user_analysis
	(user_id,analysis_id,analysis_result,analysis_picture,record_created_date)
values
	('1','1','4','1',now()),
	('1','2','5','2',now() - interval 1 day),
	('1','3','6','3',now() - interval 2 day),
	('1','4','7','4',now() - interval 3 day),
	('1','5','8','5',now() - interval 4 day),
	('1','6','17','6',now() - interval 5 day),
	('1','7','9','7',now() - interval 6 day),
	('1','8','1','8',now() - interval 20 day),
	('1','9','2','9',now() - interval 21 day),
	('1','10','3','10',now() - interval 22 day),
	('2','11','4','11',now() - interval 23 day),
	('2','12','6','12',now() - interval 1 day),
	('2','13','7','13',now() - interval 2 day),
	('2','14','8','14',now() - interval 3 day),
	('2','15','2','15',now() - interval 15 day),
	('2','16','4','16',now() - interval 16 day),
	('3','17','7','17',now() - interval 1 day),
	('3','17','9','18',now() - interval 15 day),
	('3','1','10','19',now() - interval 15 day),
	('4','2','2','20',now() - interval 1 day),
	('5','3','3','21',now() - interval 1 day),
	('6','4','4','22',now() - interval 1 day),
	('7','5','5','23',now() - interval 1 day),
	('7','6','6','24',now() - interval 1 day),
	('7','7','7','25',now() - interval 1 day);

insert into research 
	(name_сyrillic,name_latin )
values
	('исследование01','research01'),
	('исследование02','research02'),
	('исследование03','research03'),
	('исследование04','research04'),
	('исследование05','research05'),
	('исследование06','research06'),
	('исследование07','research07');

insert into user_research 
	(user_id,research_id,report,report_picture,record_created_date)
values
	('1','1','report test text01','1',now()),
	('1','2','report test text02','2',now() - interval 1 day),
	('1','3','report test text03','3',now() - interval 2 day),
	('1','4','report test text04','4',now() - interval 3 day),
	('1','5','report test text05','5',now() - interval 4 day),
	('1','6','report test text06','6',now() - interval 5 day),
	('1','7','report test text07','7',now() - interval 6 day),
	('1','1','report test text08','8',now() - interval 20 day),
	('1','2','report test text09','9',now() - interval 21 day),
	('1','3','report test text10','10',now() - interval 22 day),
	('2','4','report test text11','11',now() - interval 23 day),
	('2','5','report test text12','12',now() - interval 1 day),
	('2','6','report test text13','13',now() - interval 2 day),
	('2','7','report test text14','14',now() - interval 3 day),
	('2','1','report test text15','15',now() - interval 15 day),
	('2','2','report test text16','16',now() - interval 16 day),
	('3','3','report test text17','17',now() - interval 1 day),
	('3','4','report test text18','18',now() - interval 15 day),
	('3','5','report test text19','19',now() - interval 15 day),
	('4','6','report test text20','20',now() - interval 1 day),
	('5','7','report test text21','21',now() - interval 1 day),
	('6','1','report test text22','22',now() - interval 1 day),
	('7','2','report test text23','23',now() - interval 1 day),
	('7','3','report test text24','24',now() - interval 1 day),
	('7','4','report test text25','25',now() - interval 1 day);

insert into specialist 
	(name_сyrillic,name_latin,specialist_first_name,specialist_last_name,specialist_patronymic)
values
	('специалист01','specialist01','Hayley','Medhurst','Champlin'),
	('специалист02','specialist02','Emerson','Brown','Pollich'),
	('специалист03','specialist03','Alexandra','Okuneva','Windler'),
	('специалист04','specialist04','Otto','Kutch','Toy'),
	('специалист05','specialist05','Ettie','Cummerata','Lueilwitz'),
	('специалист06','specialist06','Korey','Bechtelar','Mraz'),
	('специалист07','specialist07','Bailey','Abbott','Pfannerstill'),
	('специалист08','specialist08','Dina','Kulas','Schulist'),
	('специалист09','specialist09','Gennaro','Pagac','Crooks'),
	('специалист10','specialist10','Aurelie','Kutch','Runolfsdottir'),
	('специалист11','specialist11','Lysanne','Torp','Moore'),
	('специалист12','specialist12','Issac','Hammes','Kertzmann'),
	('специалист13','specialist13','Lelah','Deckow','Schinner'),
	('специалист14','specialist14','Raymundo','Hilll','Paucek'),
	('специалист15','specialist15','Jamir','Moen','Murazik'),
	('специалист16','specialist16','Gussie','Boehm','Turcotte'),
	('специалист17','specialist17','Timmy','Boyle','Brown'),
	('специалист18','specialist18','Piper','Baumbach','Pagac'),
	('специалист19','specialist19','Zelma','Pacocha','Spencer'),
	('специалист20','specialist20','Eloise','Turner','Carter'),
	('специалист21','specialist21','Jennie','Runte','Bosco'),
	('специалист22','specialist22','Alberto','Breitenberg','Ratke'),
	('специалист23','specialist23','Candelario','Fritsch','Mertz'),
	('специалист24','specialist24','Ramon','Mitchell','Howe'),
	('специалист25','specialist25','Libby','Johns','Crooks');
	
insert into user_specialist 
	(user_id,specialist_id,report,report_picture,record_created_date)
values
	('1','1','report test text01','1',now()),
	('1','1','report test text02','2',now() - interval 1 day),
	('1','1','report test text03','3',now() - interval 2 day),
	('1','1','report test text04','4',now() - interval 3 day),
	('1','2','report test text05','5',now() - interval 4 day),
	('1','2','report test text06','6',now() - interval 5 day),
	('1','2','report test text07','7',now() - interval 6 day),
	('1','2','report test text08','8',now() - interval 20 day),
	('1','3','report test text09','9',now() - interval 21 day),
	('1','4','report test text10','10',now() - interval 22 day),
	('2','5','report test text11','11',now() - interval 23 day),
	('2','5','report test text12','12',now() - interval 1 day),
	('2','5','report test text13','13',now() - interval 2 day),
	('2','5','report test text14','14',now() - interval 3 day),
	('2','6','report test text15','15',now() - interval 15 day),
	('2','6','report test text16','16',now() - interval 16 day),
	('3','7','report test text17','17',now() - interval 1 day),
	('3','7','report test text18','18',now() - interval 15 day),
	('3','7','report test text19','19',now() - interval 15 day),
	('4','7','report test text20','20',now() - interval 1 day),
	('5','8','report test text21','21',now() - interval 1 day),
	('6','9','report test text22','22',now() - interval 1 day),
	('7','10','report test text23','23',now() - interval 1 day),
	('7','11','report test text24','24',now() - interval 1 day),
	('7','11','report test text25','25',now() - interval 1 day);

insert into specialist_analysis 
values
	('1','2'),
	('1','3'),
	('1','4'),
	('1','6'),
	('1','7'),
	('2','11'),
	('2','12'),
	('2','16'),
	('3','17'),
	('4','17');